0,0,0
0,1,0
0,2,0
0,3,0
0,4,0
0,5,0
0,6,1
0,7,1
0,8,0
0,9,1
1,10,0
1,11,0
1,12,0
1,3,0
1,13,0
1,1,0
1,7,1
1,6,1
1,9,1
1,14,0
2,10,1
2,11,1
2,12,1
2,3,0
2,13,1
2,1,1
2,7,1
2,6,1
2,9,1
2,14,1
3,11,1
3,3,0
3,15,1
3,1,1
3,13,1
3,16,1
3,17,1
3,7,1
3,6,1
3,9,1
4,18,0
4,1,0
4,19,0
4,3,0
4,16,0
4,15,0
4,7,1
4,20,0
4,6,1
4,9,1
5,21,0
5,3,0
5,22,0
5,10,1
5,13,0
5,23,0
5,17,0
5,7,1
5,6,1
5,9,0
6,18,1
6,24,1
6,11,1
6,19,1
6,1,1
6,3,0
6,10,1
6,13,1
6,6,1
6,7,1
7,18,1
7,24,1
7,11,1
7,19,1
7,1,1
7,3,0
7,10,1
7,13,1
7,6,1
7,7,1
8,10,0
8,18,0
8,11,0
8,1,0
8,3,0
8,13,0
8,25,0
8,7,1
8,6,1
8,9,0
9,10,0
9,18,0
9,11,0
9,1,0
9,3,0
9,13,0
9,25,0
9,7,1
9,6,1
9,9,0
10,10,0
10,18,0
10,11,0
10,1,0
10,3,0
10,13,0
10,25,0
10,7,1
10,6,1
10,9,1
11,11,1
11,21,1
11,1,1
11,26,1
11,27,1
11,3,0
11,9,0
11,13,1
11,7,1
11,6,1
12,18,1
12,10,1
12,11,1
12,1,1
12,19,1
12,3,0
12,13,1
12,6,1
12,7,1
12,9,1
13,18,1
13,1,0
13,19,0
13,3,0
13,16,0
13,15,0
13,7,1
13,20,0
13,6,1
13,9,1
14,11,1
14,3,0
14,22,1
14,13,1
14,1,1
14,6,1
14,7,1
14,8,0
14,9,0
14,28,1
15,12,0
15,21,1
15,11,1
15,1,1
15,3,0
15,29,1
15,13,1
15,6,1
15,7,1
15,9,1
16,12,1
16,21,1
16,11,1
16,1,1
16,3,0
16,29,1
16,13,1
16,6,1
16,7,1
16,9,1
17,11,1
17,12,1
17,18,1
17,1,1
17,3,0
17,13,0
17,7,1
17,6,1
17,9,1
17,8,0
18,30,0
18,1,0
18,3,0
18,13,0
18,23,0
18,5,1
18,31,0
18,6,1
18,9,1
18,7,1
19,30,1
19,1,1
19,3,0
19,13,1
19,23,1
19,5,1
19,31,1
19,6,1
19,9,1
19,7,1
20,0,0
20,1,0
20,2,0
20,3,0
20,4,0
20,5,0
20,6,1
20,7,1
20,8,0
20,9,1
21,21,0
21,3,0
21,22,0
21,10,0
21,13,0
21,23,0
21,17,1
21,7,1
21,6,1
21,9,0
22,11,0
22,3,0
22,32,0
22,16,0
22,13,0
22,1,0
22,6,1
22,8,0
22,9,1
22,7,1
23,1,0
23,33,0
23,19,0
23,3,0
23,13,0
23,34,0
23,7,1
23,6,1
23,9,1
23,11,0
24,35,1
24,11,1
24,27,1
24,3,0
24,22,1
24,13,1
24,1,1
24,7,1
24,6,1
24,9,1
25,0,1
25,1,1
25,2,1
25,3,0
25,4,1
25,5,1
25,6,1
25,7,1
25,8,0
25,9,1
26,0,1
26,1,1
26,2,1
26,3,0
26,4,1
26,5,1
26,6,1
26,7,1
26,8,0
26,9,1
27,1,1
27,11,1
27,3,0
27,36,0
27,22,1
27,13,1
27,23,1
27,7,1
27,6,1
27,9,1
28,11,0
28,3,0
28,22,0
28,13,0
28,1,0
28,6,1
28,7,1
28,8,0
28,9,1
28,28,0
29,24,0
29,11,1
29,12,1
29,1,1
29,3,0
29,13,1
29,6,1
29,9,1
29,8,0
29,7,1
30,11,0
30,21,0
30,1,0
30,26,0
30,27,0
30,3,0
30,9,1
30,13,0
30,7,1
30,6,1
31,10,0
31,11,0
31,12,0
31,3,0
31,13,0
31,1,0
31,7,1
31,6,1
31,9,1
31,14,0
32,37,0
32,3,0
32,22,0
32,38,0
32,39,0
32,7,1
32,6,1
32,8,0
32,9,1
32,14,0
33,11,0
33,12,0
33,18,0
33,1,0
33,3,0
33,13,0
33,7,1
33,6,1
33,9,1
33,8,0
34,0,0
34,1,0
34,2,0
34,3,0
34,4,0
34,5,0
34,6,1
34,7,1
34,8,0
34,9,1
35,18,1
35,1,0
35,19,1
35,3,0
35,16,0
35,15,1
35,7,1
35,20,0
35,6,1
35,9,1
36,19,0
36,3,0
36,22,0
36,13,0
36,1,0
36,40,1
36,25,0
36,7,1
36,6,1
36,9,1
37,12,1
37,21,0
37,11,1
37,1,0
37,3,0
37,29,0
37,13,1
37,6,1
37,7,1
37,9,1
38,11,0
38,3,0
38,32,1
38,16,1
38,13,1
38,1,0
38,6,0
38,8,0
38,9,1
38,7,1
39,30,0
39,1,0
39,3,0
39,13,0
39,23,0
39,5,0
39,31,0
39,6,1
39,9,0
39,7,1
40,18,0
40,10,0
40,11,0
40,1,0
40,19,0
40,3,0
40,13,0
40,6,1
40,7,1
40,9,0
41,18,0
41,1,0
41,19,0
41,3,0
41,16,0
41,15,0
41,7,1
41,20,1
41,6,1
41,9,1
42,37,0
42,3,0
42,22,0
42,38,0
42,39,0
42,7,1
42,6,1
42,8,0
42,9,1
42,14,0
43,11,0
43,41,0
43,3,0
43,1,0
43,38,0
43,7,1
43,9,1
43,13,0
43,5,0
43,6,1
44,3,0
44,15,0
44,42,0
44,16,0
44,13,0
44,40,0
44,7,1
44,6,1
44,14,0
44,9,1
45,1,0
45,19,0
45,3,0
45,43,0
45,13,0
45,5,0
45,7,1
45,6,1
45,28,0
45,9,1
46,27,1
46,28,1
46,9,1
46,3,0
46,41,1
46,44,1
46,13,1
46,45,1
46,6,1
46,7,1
47,18,0
47,24,0
47,11,0
47,19,0
47,1,0
47,3,0
47,10,0
47,13,0
47,6,1
47,7,1
48,27,0
48,28,0
48,9,1
48,3,0
48,41,0
48,44,0
48,13,0
48,45,0
48,6,1
48,7,0
49,27,1
49,28,1
49,9,1
49,3,0
49,41,1
49,44,1
49,13,1
49,45,1
49,6,1
49,7,1
50,27,1
50,28,1
50,9,0
50,3,0
50,41,1
50,44,1
50,13,1
50,45,1
50,6,1
50,7,1
51,27,1
51,28,1
51,9,1
51,3,0
51,41,1
51,44,1
51,13,1
51,45,1
51,6,1
51,7,1
52,1,0
52,13,0
52,32,0
52,25,0
52,46,0
52,7,1
52,6,1
52,47,1
52,48,0
52,9,1
53,11,0
53,49,0
53,7,1
53,3,0
53,1,0
53,31,0
53,13,0
53,50,0
53,6,1
53,9,0
54,8,0
54,40,1
54,42,1
54,13,1
54,17,1
54,5,1
54,46,1
54,7,1
54,6,1
54,9,1
55,1,0
55,51,0
55,3,0
55,22,0
55,52,0
55,13,0
55,15,0
55,7,1
55,6,1
55,9,1
56,1,1
56,11,1
56,3,0
56,36,0
56,22,1
56,13,1
56,23,1
56,7,1
56,6,1
56,9,1
57,3,0
57,22,1
57,23,1
57,13,1
57,1,0
57,53,1
57,6,1
57,9,0
57,28,1
57,7,1
58,3,0
58,54,1
58,55,1
58,23,1
58,13,1
58,1,1
58,46,1
58,7,1
58,6,1
58,9,1
59,11,1
59,49,1
59,7,1
59,3,0
59,1,1
59,31,1
59,13,1
59,50,1
59,6,1
59,9,0
60,30,1
60,1,1
60,3,0
60,13,1
60,23,1
60,5,1
60,31,1
60,6,1
60,9,1
60,7,1
61,1,1
61,19,1
61,3,0
61,43,0
61,13,1
61,5,1
61,7,1
61,6,1
61,28,1
61,9,0
62,11,0
62,3,0
62,22,0
62,13,0
62,1,0
62,6,1
62,7,1
62,8,0
62,9,1
62,28,0
63,11,0
63,3,0
63,22,0
63,13,0
63,1,0
63,6,0
63,7,1
63,8,0
63,9,1
63,28,0
64,11,1
64,3,0
64,22,1
64,13,1
64,1,1
64,6,1
64,7,1
64,8,0
64,9,1
64,28,1
65,11,0
65,3,0
65,22,0
65,13,0
65,1,0
65,6,1
65,7,1
65,8,0
65,9,0
65,28,0
66,11,0
66,3,0
66,22,0
66,13,0
66,1,0
66,6,1
66,7,1
66,8,0
66,9,0
66,28,0
67,1,0
67,51,0
67,3,0
67,22,0
67,52,0
67,13,0
67,15,0
67,7,1
67,6,1
67,9,1
68,3,0
68,54,1
68,55,1
68,23,1
68,13,0
68,1,1
68,46,1
68,7,1
68,6,1
68,9,1
69,3,0
69,22,0
69,23,0
69,13,0
69,1,0
69,53,0
69,6,1
69,9,1
69,28,1
69,7,1
70,3,0
70,54,1
70,55,1
70,23,1
70,13,1
70,1,1
70,46,1
70,7,1
70,6,1
70,9,1
71,11,0
71,41,0
71,3,0
71,1,0
71,38,0
71,7,1
71,9,0
71,13,0
71,5,0
71,6,1
72,11,0
72,41,0
72,3,0
72,1,0
72,38,0
72,7,1
72,9,1
72,13,0
72,5,0
72,6,1
73,11,0
73,41,0
73,3,0
73,1,0
73,38,0
73,7,1
73,9,1
73,13,0
73,5,0
73,6,1
74,11,0
74,41,0
74,3,0
74,1,1
74,38,0
74,7,1
74,9,1
74,13,0
74,5,0
74,6,1
75,11,0
75,41,1
75,3,0
75,1,1
75,38,1
75,7,1
75,9,1
75,13,1
75,5,1
75,6,1
76,1,0
76,13,0
76,32,0
76,25,0
76,46,0
76,7,1
76,6,1
76,47,0
76,48,0
76,9,1
77,3,0
77,22,0
77,23,0
77,13,0
77,1,0
77,53,0
77,6,1
77,9,0
77,28,0
77,7,1
78,3,0
78,54,1
78,55,1
78,23,1
78,13,1
78,1,1
78,46,1
78,7,1
78,6,1
78,9,0
79,19,0
79,3,0
79,22,0
79,13,1
79,1,0
79,40,0
79,25,0
79,7,1
79,6,1
79,9,0
80,1,1
80,19,1
80,3,0
80,43,0
80,13,1
80,5,1
80,7,1
80,6,1
80,28,1
80,9,0
81,3,0
81,22,1
81,23,1
81,13,1
81,1,1
81,53,1
81,6,0
81,9,1
81,28,1
81,7,1
82,3,0
82,22,1
82,23,1
82,13,1
82,1,0
82,53,1
82,6,1
82,9,1
82,28,1
82,7,1
83,18,1
83,11,1
83,3,0
83,56,1
83,13,1
83,1,1
83,5,1
83,7,1
83,6,1
83,8,0
84,1,0
84,11,0
84,3,0
84,36,0
84,22,0
84,13,0
84,23,0
84,7,1
84,6,1
84,9,1
85,1,1
85,51,1
85,3,0
85,22,1
85,52,1
85,13,1
85,15,1
85,7,1
85,6,1
85,9,1
86,12,0
86,21,0
86,11,0
86,1,0
86,3,0
86,29,0
86,13,0
86,6,1
86,7,1
86,9,1
87,11,0
87,41,0
87,3,0
87,1,0
87,38,0
87,7,1
87,9,1
87,13,1
87,5,0
87,6,1
88,30,0
88,53,0
88,57,0
88,13,0
88,6,1
88,5,0
88,40,0
88,1,0
88,7,1
88,9,1
89,1,0
89,19,0
89,3,0
89,58,0
89,5,0
89,53,0
89,6,1
89,8,0
89,9,1
89,7,1
90,1,1
90,19,1
90,3,0
90,58,1
90,5,1
90,53,1
90,6,1
90,8,0
90,9,0
90,7,1
91,10,1
91,11,1
91,12,1
91,3,0
91,13,1
91,1,1
91,7,1
91,6,1
91,9,1
91,14,1
92,24,0
92,1,0
92,13,0
92,23,0
92,5,0
92,59,0
92,20,0
92,6,1
92,7,1
92,9,1
93,11,0
93,21,0
93,1,0
93,26,0
93,27,0
93,3,0
93,9,1
93,13,0
93,7,1
93,6,1
94,3,0
94,22,0
94,23,0
94,13,0
94,1,0
94,53,0
94,6,1
94,9,0
94,28,0
94,7,1
95,10,0
95,11,0
95,12,0
95,3,0
95,13,0
95,1,0
95,7,1
95,6,1
95,9,1
95,14,0
96,11,1
96,3,0
96,15,0
96,1,0
96,13,1
96,16,1
96,17,0
96,7,1
96,6,1
96,9,1
97,32,0
97,38,0
97,6,1
97,13,0
97,40,0
97,5,0
97,60,0
97,7,1
97,8,0
97,9,1
98,1,1
98,13,1
98,32,1
98,25,1
98,46,1
98,7,1
98,6,1
98,47,1
98,48,1
98,9,1
99,1,0
99,13,0
99,32,0
99,25,0
99,46,0
99,7,1
99,6,1
99,47,1
99,48,0
99,9,1
100,1,0
100,13,0
100,32,0
100,25,0
100,46,0
100,7,1
100,6,1
100,47,0
100,48,0
100,9,1
101,11,0
101,49,0
101,7,1
101,3,0
101,1,0
101,31,0
101,13,0
101,50,0
101,6,1
101,9,1
102,1,0
102,11,0
102,3,0
102,36,0
102,22,0
102,13,0
102,23,0
102,7,1
102,6,1
102,9,1
103,1,0
103,13,0
103,32,0
103,25,0
103,46,0
103,7,1
103,6,1
103,47,0
103,48,0
103,9,1
104,3,0
104,15,1
104,42,0
104,16,1
104,13,0
104,40,1
104,7,1
104,6,1
104,14,1
104,9,0
105,11,1
105,12,1
105,18,1
105,1,1
105,3,0
105,13,1
105,7,1
105,6,1
105,9,1
105,8,0
106,10,1
106,11,1
106,12,1
106,3,0
106,13,1
106,1,1
106,7,1
106,6,1
106,9,0
106,14,1
107,11,1
107,49,1
107,7,1
107,3,0
107,1,1
107,31,1
107,13,1
107,50,1
107,6,1
107,9,1
108,18,0
108,11,0
108,3,0
108,56,0
108,13,0
108,1,0
108,5,0
108,7,1
108,6,1
108,8,0
109,11,1
109,49,1
109,7,1
109,3,0
109,1,1
109,31,1
109,13,1
109,50,1
109,6,1
109,9,1
110,11,0
110,49,0
110,7,1
110,3,0
110,1,0
110,31,0
110,13,1
110,50,1
110,6,1
110,9,1
111,11,1
111,12,1
111,18,1
111,1,1
111,3,0
111,13,1
111,7,1
111,6,1
111,9,1
111,8,0
112,11,1
112,49,1
112,7,1
112,3,0
112,1,1
112,31,1
112,13,1
112,50,1
112,6,1
112,9,1
113,61,1
113,5,1
113,1,1
113,25,1
113,46,1
113,6,1
113,8,0
113,7,1
113,9,1
113,28,1
114,0,0
114,1,0
114,2,0
114,3,0
114,4,0
114,5,0
114,6,1
114,7,1
114,8,0
114,9,1
115,1,0
115,11,0
115,3,0
115,36,0
115,22,0
115,13,0
115,23,0
115,7,1
115,6,1
115,9,1
116,18,0
116,10,0
116,1,0
116,11,0
116,3,0
116,13,0
116,15,0
116,7,1
116,6,1
116,9,1
117,18,0
117,11,0
117,3,0
117,56,0
117,13,0
117,1,0
117,5,0
117,7,1
117,6,1
117,8,0
118,3,0
118,22,1
118,23,1
118,13,1
118,1,1
118,53,1
118,6,0
118,9,1
118,28,1
118,7,0
119,61,0
119,5,0
119,1,0
119,25,0
119,46,0
119,6,0
119,8,0
119,7,1
119,9,1
119,28,0
120,61,0
120,5,0
120,1,0
120,25,0
120,46,0
120,6,1
120,8,0
120,7,1
120,9,1
120,28,0
121,11,1
121,41,1
121,3,0
121,1,1
121,38,1
121,7,1
121,9,1
121,13,1
121,5,1
121,6,1
122,38,0
122,13,0
122,62,0
122,63,0
122,5,1
122,6,1
122,64,1
122,28,0
122,7,1
122,9,1
123,3,0
123,55,1
123,38,1
123,65,1
123,13,1
123,5,1
123,7,1
123,6,1
123,28,1
123,9,1
124,19,1
124,3,0
124,22,1
124,13,1
124,1,1
124,40,1
124,25,1
124,7,1
124,6,1
124,9,0
125,1,0
125,19,0
125,3,0
125,58,0
125,5,0
125,53,0
125,6,1
125,8,0
125,9,1
125,7,1
126,1,0
126,19,0
126,3,0
126,58,0
126,5,0
126,53,0
126,6,1
126,8,0
126,9,0
126,7,1
127,61,0
127,5,0
127,1,0
127,25,0
127,46,0
127,6,0
127,8,0
127,7,1
127,9,0
127,28,0
128,40,1
128,66,1
128,5,0
128,53,1
128,67,1
128,68,0
128,6,1
128,14,1
128,7,1
128,9,1
129,38,0
129,13,0
129,62,0
129,63,0
129,5,0
129,6,1
129,64,0
129,28,0
129,7,1
129,9,1
130,18,0
130,24,0
130,11,0
130,19,0
130,1,0
130,3,0
130,10,0
130,13,0
130,6,1
130,7,0
131,3,0
131,54,1
131,55,1
131,23,1
131,13,1
131,1,1
131,46,1
131,7,1
131,6,1
131,9,1
132,38,0
132,13,0
132,62,0
132,63,0
132,5,0
132,6,1
132,64,0
132,28,0
132,7,1
132,9,1
133,30,0
133,53,0
133,57,0
133,13,0
133,6,1
133,5,0
133,40,0
133,1,0
133,7,1
133,9,1
134,30,0
134,53,0
134,57,0
134,13,0
134,6,1
134,5,0
134,40,1
134,1,0
134,7,1
134,9,1
135,30,0
135,53,0
135,57,0
135,13,0
135,6,1
135,5,0
135,40,0
135,1,0
135,7,1
135,9,0
136,30,1
136,53,1
136,57,0
136,13,1
136,6,1
136,5,1
136,40,1
136,1,1
136,7,1
136,9,0
137,30,1
137,53,1
137,57,0
137,13,1
137,6,1
137,5,1
137,40,1
137,1,1
137,7,1
137,9,1
138,30,1
138,53,1
138,57,0
138,13,1
138,6,0
138,5,1
138,40,0
138,1,1
138,7,1
138,9,0
139,19,0
139,3,0
139,22,0
139,13,0
139,1,0
139,40,0
139,25,0
139,7,1
139,6,1
139,9,0
140,10,1
140,18,1
140,11,1
140,1,1
140,3,0
140,13,1
140,25,1
140,7,1
140,6,1
140,9,1
141,10,0
141,18,0
141,11,0
141,1,0
141,3,0
141,13,0
141,25,0
141,7,1
141,6,1
141,9,1
142,18,1
142,11,1
142,3,0
142,56,1
142,13,1
142,1,1
142,5,1
142,7,1
142,6,1
142,8,0
143,1,1
143,11,1
143,3,0
143,36,0
143,22,1
143,13,1
143,23,1
143,7,1
143,6,1
143,9,1
144,1,0
144,13,0
144,32,0
144,25,0
144,46,0
144,7,1
144,6,1
144,47,0
144,48,0
144,9,1
145,12,0
145,21,0
145,11,0
145,1,0
145,3,0
145,29,1
145,13,1
145,6,1
145,7,1
145,9,1
146,18,1
146,1,1
146,19,1
146,3,0
146,16,1
146,15,1
146,7,1
146,20,1
146,6,1
146,9,1
147,18,0
147,1,0
147,19,0
147,3,0
147,16,0
147,15,0
147,7,1
147,20,1
147,6,1
147,9,1
148,1,1
148,51,1
148,3,0
148,22,1
148,52,1
148,13,1
148,15,1
148,7,1
148,6,1
148,9,1
149,11,0
149,49,0
149,3,0
149,1,0
149,13,0
149,5,0
149,7,1
149,6,1
149,9,1
149,8,0
150,32,0
150,38,0
150,6,1
150,13,0
150,40,1
150,5,0
150,60,0
150,7,1
150,8,0
150,9,1
151,1,0
151,19,1
151,3,0
151,13,0
151,69,0
151,5,0
151,6,1
151,14,0
151,9,1
151,28,1
152,1,0
152,19,0
152,3,0
152,13,0
152,69,0
152,5,0
152,6,0
152,14,0
152,9,1
152,28,0
153,12,0
153,21,0
153,11,0
153,1,0
153,3,0
153,29,0
153,13,0
153,6,1
153,7,1
153,9,1
154,18,0
154,10,0
154,1,0
154,11,0
154,3,0
154,13,0
154,15,0
154,7,1
154,6,1
154,9,1
155,16,0
155,23,0
155,13,0
155,5,0
155,25,0
155,70,0
155,20,0
155,6,1
155,9,1
155,7,1
156,16,1
156,23,0
156,13,1
156,5,1
156,25,1
156,70,1
156,20,1
156,6,1
156,9,1
156,7,1
157,32,1
157,38,1
157,6,1
157,13,1
157,40,0
157,5,1
157,60,0
157,7,1
157,8,0
157,9,1
158,3,0
158,54,1
158,55,1
158,23,1
158,13,1
158,1,1
158,46,1
158,7,1
158,6,1
158,9,0
159,10,1
159,18,0
159,11,0
159,1,0
159,3,0
159,13,1
159,25,0
159,7,1
159,6,0
159,9,0
160,11,0
160,21,0
160,1,0
160,26,0
160,27,0
160,3,0
160,9,1
160,13,0
160,7,1
160,6,1
161,71,0
161,13,0
161,72,0
161,73,1
161,74,0
161,6,1
161,8,0
161,7,1
161,9,1
161,14,1
162,18,1
162,10,1
162,1,1
162,11,1
162,3,0
162,13,1
162,15,1
162,7,1
162,6,1
162,9,1
163,12,1
163,21,1
163,11,1
163,1,1
163,3,0
163,29,1
163,13,1
163,6,1
163,7,1
163,9,1
164,24,0
164,1,0
164,13,0
164,23,0
164,5,0
164,59,0
164,20,0
164,6,1
164,7,1
164,9,1
165,21,0
165,3,0
165,22,0
165,10,0
165,13,0
165,23,0
165,17,0
165,7,1
165,6,1
165,9,1
166,21,0
166,3,0
166,22,0
166,10,0
166,13,0
166,23,0
166,17,1
166,7,1
166,6,1
166,9,0
167,18,1
167,11,1
167,3,0
167,56,1
167,13,1
167,1,1
167,5,1
167,7,1
167,6,1
167,8,0
168,18,0
168,24,0
168,11,0
168,19,0
168,1,0
168,3,0
168,10,0
168,13,0
168,6,1
168,7,1
169,19,1
169,3,0
169,22,1
169,13,1
169,1,1
169,40,1
169,25,1
169,7,1
169,6,1
169,9,1
170,1,1
170,19,1
170,3,0
170,43,0
170,13,1
170,5,1
170,7,1
170,6,1
170,28,1
170,9,0
171,24,0
171,11,1
171,12,1
171,1,1
171,3,0
171,13,1
171,6,1
171,9,1
171,8,0
171,7,1
172,3,0
172,54,1
172,55,1
172,23,1
172,13,0
172,1,1
172,46,1
172,7,1
172,6,1
172,9,0
173,1,0
173,13,0
173,32,0
173,25,0
173,46,0
173,7,1
173,6,1
173,47,0
173,48,0
173,9,1
174,11,0
174,49,0
174,3,0
174,1,0
174,13,0
174,5,0
174,7,1
174,6,1
174,9,0
174,8,0
175,11,1
175,49,0
175,3,0
175,1,0
175,13,0
175,5,1
175,7,1
175,6,1
175,9,0
175,8,0
176,3,0
176,55,1
176,38,1
176,65,1
176,13,1
176,5,1
176,7,1
176,6,1
176,28,1
176,9,1
177,1,1
177,19,1
177,3,0
177,13,1
177,69,0
177,5,1
177,6,1
177,14,1
177,9,1
177,28,1
178,1,1
178,19,1
178,3,0
178,13,1
178,69,1
178,5,1
178,6,1
178,14,0
178,9,1
178,28,1
179,1,1
179,19,1
179,3,0
179,13,1
179,69,1
179,5,1
179,6,1
179,14,1
179,9,1
179,28,1
180,24,0
180,11,0
180,12,0
180,1,0
180,3,0
180,13,0
180,6,1
180,9,1
180,8,0
180,7,1
181,11,0
181,3,0
181,22,0
181,13,0
181,1,0
181,6,1
181,7,1
181,8,0
181,9,1
181,28,0
182,11,0
182,3,0
182,22,1
182,13,0
182,1,0
182,6,1
182,7,1
182,8,0
182,9,0
182,28,0
183,3,0
183,15,0
183,42,0
183,16,0
183,13,0
183,40,0
183,7,1
183,6,0
183,14,0
183,9,1
184,1,0
184,13,0
184,32,0
184,25,0
184,46,1
184,7,1
184,6,1
184,47,1
184,48,0
184,9,1
185,18,0
185,10,0
185,1,0
185,11,0
185,3,0
185,13,0
185,15,0
185,7,1
185,6,1
185,9,1
186,18,1
186,10,1
186,1,1
186,11,1
186,3,0
186,13,1
186,15,1
186,7,1
186,6,1
186,9,1
187,11,0
187,3,0
187,32,0
187,16,0
187,13,0
187,1,0
187,6,1
187,8,0
187,9,0
187,7,1
188,11,0
188,3,0
188,32,0
188,16,0
188,13,0
188,1,0
188,6,1
188,8,0
188,9,0
188,7,1
189,11,0
189,21,0
189,1,0
189,26,0
189,27,0
189,3,0
189,9,1
189,13,1
189,7,1
189,6,0
190,40,0
190,66,0
190,5,0
190,53,0
190,67,0
190,68,0
190,6,0
190,14,0
190,7,0
190,9,1
191,40,0
191,66,0
191,5,0
191,53,0
191,67,0
191,68,0
191,6,1
191,14,0
191,7,1
191,9,1
192,40,1
192,66,1
192,5,1
192,53,1
192,67,1
192,68,1
192,6,1
192,14,1
192,7,1
192,9,0
193,40,0
193,66,0
193,5,0
193,53,1
193,67,0
193,68,0
193,6,1
193,14,0
193,7,1
193,9,1
194,40,0
194,66,0
194,5,0
194,53,0
194,67,0
194,68,0
194,6,1
194,14,0
194,7,1
194,9,1
195,40,0
195,66,0
195,5,0
195,53,0
195,67,0
195,68,1
195,6,1
195,14,0
195,7,1
195,9,0
196,40,1
196,66,1
196,5,1
196,53,1
196,67,1
196,68,0
196,6,1
196,14,1
196,7,1
196,9,1
197,40,1
197,66,1
197,5,1
197,53,1
197,67,1
197,68,1
197,6,1
197,14,1
197,7,1
197,9,0
198,40,1
198,66,1
198,5,0
198,53,1
198,67,1
198,68,1
198,6,1
198,14,1
198,7,1
198,9,1
199,1,1
199,11,1
199,3,0
199,36,0
199,22,1
199,13,1
199,23,1
199,7,1
199,6,1
199,9,1
200,37,0
200,3,0
200,22,1
200,38,1
200,39,1
200,7,1
200,6,1
200,8,0
200,9,1
200,14,1
201,37,0
201,3,0
201,22,0
201,38,0
201,39,0
201,7,1
201,6,1
201,8,0
201,9,1
201,14,0
202,37,0
202,3,0
202,22,0
202,38,0
202,39,0
202,7,1
202,6,1
202,8,0
202,9,1
202,14,0
203,37,0
203,3,0
203,22,0
203,38,0
203,39,0
203,7,1
203,6,0
203,8,0
203,9,1
203,14,0
204,71,0
204,13,0
204,72,0
204,73,0
204,74,1
204,6,1
204,8,0
204,7,1
204,9,1
204,14,1
205,71,0
205,13,0
205,72,0
205,73,0
205,74,0
205,6,1
205,8,0
205,7,1
205,9,1
205,14,1
206,71,0
206,13,0
206,72,0
206,73,0
206,74,0
206,6,1
206,8,0
206,7,1
206,9,1
206,14,1
207,71,0
207,13,1
207,72,1
207,73,1
207,74,1
207,6,1
207,8,0
207,7,1
207,9,1
207,14,1
208,71,0
208,13,1
208,72,0
208,73,1
208,74,1
208,6,1
208,8,0
208,7,1
208,9,1
208,14,1
209,71,0
209,13,1
209,72,1
209,73,1
209,74,1
209,6,1
209,8,0
209,7,1
209,9,1
209,14,1
210,3,0
210,55,1
210,38,1
210,65,1
210,13,1
210,5,1
210,7,1
210,6,1
210,28,1
210,9,1
211,3,0
211,55,0
211,38,0
211,65,0
211,13,0
211,5,0
211,7,1
211,6,1
211,28,0
211,9,1
212,1,0
212,19,0
212,3,0
212,43,0
212,13,0
212,5,0
212,7,1
212,6,1
212,28,0
212,9,0
213,16,0
213,23,0
213,13,0
213,5,0
213,25,0
213,70,0
213,20,1
213,6,1
213,9,1
213,7,0
214,16,1
214,23,1
214,13,1
214,5,1
214,25,1
214,70,1
214,20,1
214,6,1
214,9,0
214,7,1
215,1,1
215,19,1
215,3,0
215,58,1
215,5,1
215,53,1
215,6,1
215,8,0
215,9,1
215,7,1
216,1,0
216,19,0
216,3,0
216,58,0
216,5,0
216,53,0
216,6,1
216,8,0
216,9,1
216,7,1
217,1,0
217,19,0
217,3,0
217,58,0
217,5,0
217,53,0
217,6,1
217,8,0
217,9,0
217,7,0
218,1,0
218,19,0
218,3,0
218,58,1
218,5,0
218,53,0
218,6,1
218,8,0
218,9,0
218,7,1
219,1,0
219,19,0
219,3,0
219,43,0
219,13,0
219,5,0
219,7,1
219,6,0
219,28,0
219,9,0
220,1,0
220,19,0
220,3,0
220,43,0
220,13,0
220,5,0
220,7,1
220,6,1
220,28,0
220,9,0
221,3,0
221,55,1
221,38,0
221,65,0
221,13,0
221,5,0
221,7,1
221,6,0
221,28,0
221,9,1
222,3,0
222,55,0
222,38,0
222,65,0
222,13,0
222,5,0
222,7,1
222,6,1
222,28,0
222,9,0
223,3,0
223,55,0
223,38,1
223,65,0
223,13,0
223,5,1
223,7,1
223,6,1
223,28,0
223,9,1
224,3,0
224,55,1
224,38,1
224,65,1
224,13,1
224,5,1
224,7,1
224,6,1
224,28,1
224,9,1
225,3,0
225,55,1
225,38,1
225,65,1
225,13,1
225,5,1
225,7,1
225,6,1
225,28,1
225,9,1
226,3,0
226,55,1
226,38,1
226,65,0
226,13,0
226,5,1
226,7,1
226,6,1
226,28,1
226,9,1
227,11,1
227,41,1
227,3,0
227,1,1
227,38,1
227,7,1
227,9,0
227,13,1
227,5,1
227,6,1
228,11,0
228,41,0
228,3,0
228,1,0
228,38,0
228,7,1
228,9,1
228,13,0
228,5,0
228,6,1
229,35,1
229,11,1
229,27,1
229,3,0
229,22,1
229,13,1
229,1,1
229,7,1
229,6,1
229,9,0
230,35,1
230,11,1
230,27,1
230,3,0
230,22,1
230,13,1
230,1,1
230,7,1
230,6,1
230,9,1
231,35,1
231,11,1
231,27,1
231,3,0
231,22,1
231,13,1
231,1,1
231,7,1
231,6,1
231,9,1
232,35,0
232,11,0
232,27,0
232,3,0
232,22,0
232,13,0
232,1,0
232,7,1
232,6,1
232,9,1
233,35,1
233,11,1
233,27,1
233,3,0
233,22,1
233,13,1
233,1,1
233,7,1
233,6,1
233,9,1
234,35,0
234,11,0
234,27,0
234,3,0
234,22,0
234,13,0
234,1,0
234,7,1
234,6,1
234,9,1
235,35,1
235,11,1
235,27,1
235,3,0
235,22,1
235,13,1
235,1,1
235,7,1
235,6,1
235,9,1
236,35,0
236,11,0
236,27,0
236,3,0
236,22,0
236,13,0
236,1,0
236,7,1
236,6,1
236,9,1
237,35,0
237,11,0
237,27,0
237,3,0
237,22,0
237,13,0
237,1,0
237,7,1
237,6,1
237,9,1
238,11,1
238,12,1
238,18,0
238,1,1
238,3,0
238,13,1
238,7,1
238,6,1
238,9,1
238,8,0
239,11,1
239,12,1
239,18,1
239,1,1
239,3,0
239,13,1
239,7,1
239,6,1
239,9,1
239,8,0
240,11,1
240,12,1
240,18,1
240,1,1
240,3,0
240,13,1
240,7,1
240,6,1
240,9,1
240,8,0
241,11,1
241,12,1
241,18,1
241,1,1
241,3,0
241,13,1
241,7,1
241,6,1
241,9,1
241,8,0
242,11,0
242,12,0
242,18,0
242,1,0
242,3,0
242,13,0
242,7,1
242,6,1
242,9,1
242,8,0
243,11,0
243,12,0
243,18,0
243,1,0
243,3,0
243,13,0
243,7,1
243,6,1
243,9,1
243,8,0
244,32,1
244,38,1
244,6,0
244,13,0
244,40,1
244,5,1
244,60,1
244,7,1
244,8,0
244,9,1
245,32,0
245,38,0
245,6,1
245,13,0
245,40,0
245,5,0
245,60,0
245,7,1
245,8,0
245,9,1
246,32,0
246,38,0
246,6,1
246,13,0
246,40,0
246,5,0
246,60,0
246,7,1
246,8,0
246,9,1
247,1,0
247,19,0
247,3,0
247,43,0
247,13,0
247,5,0
247,7,1
247,6,1
247,28,0
247,9,0
248,1,1
248,19,1
248,3,0
248,43,0
248,13,1
248,5,1
248,7,1
248,6,1
248,28,1
248,9,0
249,71,0
249,13,1
249,72,1
249,73,1
249,74,0
249,6,1
249,8,0
249,7,1
249,9,1
249,14,0
250,71,0
250,13,1
250,72,1
250,73,1
250,74,1
250,6,1
250,8,0
250,7,1
250,9,0
250,14,1
251,71,0
251,13,0
251,72,0
251,73,1
251,74,0
251,6,1
251,8,0
251,7,1
251,9,1
251,14,1
252,11,1
252,21,1
252,1,1
252,26,1
252,27,1
252,3,0
252,9,1
252,13,1
252,7,1
252,6,1
253,11,0
253,21,0
253,1,0
253,26,0
253,27,0
253,3,0
253,9,1
253,13,0
253,7,1
253,6,1
254,11,0
254,21,0
254,1,0
254,26,1
254,27,0
254,3,0
254,9,1
254,13,1
254,7,1
254,6,1
255,11,1
255,21,1
255,1,1
255,26,1
255,27,0
255,3,0
255,9,1
255,13,1
255,7,1
255,6,1
256,11,1
256,21,1
256,1,1
256,26,1
256,27,1
256,3,0
256,9,1
256,13,1
256,7,1
256,6,1
257,11,0
257,49,0
257,3,0
257,1,0
257,13,0
257,5,0
257,7,1
257,6,1
257,9,0
257,8,0
258,11,0
258,49,0
258,3,0
258,1,0
258,13,0
258,5,0
258,7,1
258,6,1
258,9,0
258,8,0
259,11,0
259,49,0
259,3,0
259,1,0
259,13,0
259,5,0
259,7,1
259,6,1
259,9,1
259,8,0
260,37,1
260,3,0
260,22,1
260,38,1
260,39,1
260,7,1
260,6,1
260,8,0
260,9,1
260,14,1
261,37,1
261,3,0
261,22,0
261,38,1
261,39,0
261,7,1
261,6,1
261,8,0
261,9,1
261,14,0
262,1,1
262,11,1
262,3,0
262,36,0
262,22,1
262,13,1
262,23,1
262,7,1
262,6,1
262,9,1
263,1,0
263,11,0
263,3,0
263,36,0
263,22,0
263,13,0
263,23,0
263,7,1
263,6,1
263,9,1
264,18,1
264,24,1
264,11,1
264,19,1
264,1,1
264,3,0
264,10,1
264,13,1
264,6,1
264,7,1
265,18,1
265,24,1
265,11,1
265,19,1
265,1,1
265,3,0
265,10,1
265,13,1
265,6,1
265,7,0
266,18,1
266,24,1
266,11,1
266,19,1
266,1,1
266,3,0
266,10,1
266,13,1
266,6,1
266,7,1
267,10,1
267,18,1
267,11,0
267,1,1
267,3,0
267,13,1
267,25,1
267,7,1
267,6,1
267,9,1
268,10,0
268,18,0
268,11,0
268,1,0
268,3,0
268,13,0
268,25,0
268,7,1
268,6,1
268,9,1
269,10,0
269,18,0
269,11,0
269,1,0
269,3,0
269,13,0
269,25,0
269,7,1
269,6,1
269,9,1
270,10,0
270,18,0
270,11,0
270,1,0
270,3,0
270,13,0
270,25,0
270,7,1
270,6,1
270,9,1
271,30,0
271,1,1
271,3,0
271,13,0
271,23,0
271,5,0
271,31,0
271,6,1
271,9,0
271,7,1
272,30,1
272,1,0
272,3,0
272,13,0
272,23,0
272,5,0
272,31,0
272,6,1
272,9,1
272,7,1
273,38,0
273,13,0
273,62,0
273,63,0
273,5,0
273,6,1
273,64,1
273,28,0
273,7,1
273,9,1
274,11,0
274,3,0
274,32,0
274,16,0
274,13,0
274,1,0
274,6,1
274,8,0
274,9,1
274,7,1
275,11,0
275,3,0
275,32,1
275,16,1
275,13,1
275,1,1
275,6,1
275,8,0
275,9,1
275,7,1
276,18,1
276,11,1
276,3,0
276,56,1
276,13,1
276,1,1
276,5,1
276,7,1
276,6,1
276,8,0
277,18,1
277,11,1
277,3,0
277,56,1
277,13,1
277,1,1
277,5,1
277,7,1
277,6,1
277,8,0
278,18,1
278,11,1
278,3,0
278,56,1
278,13,0
278,1,1
278,5,1
278,7,1
278,6,1
278,8,0
279,11,0
279,49,0
279,7,1
279,3,0
279,1,1
279,31,1
279,13,0
279,50,0
279,6,1
279,9,1
280,10,1
280,11,1
280,12,1
280,3,0
280,13,0
280,1,1
280,7,1
280,6,1
280,9,1
280,14,0
281,19,0
281,3,0
281,22,0
281,13,0
281,1,0
281,40,0
281,25,0
281,7,1
281,6,1
281,9,0
282,24,1
282,11,1
282,12,1
282,1,1
282,3,0
282,13,1
282,6,1
282,9,1
282,8,0
282,7,1
283,21,0
283,3,0
283,22,0
283,10,0
283,13,0
283,23,0
283,17,0
283,7,1
283,6,1
283,9,0
284,19,1
284,3,0
284,22,1
284,13,1
284,1,1
284,40,1
284,25,1
284,7,1
284,6,1
284,9,1
285,21,0
285,3,0
285,22,0
285,10,0
285,13,0
285,23,0
285,17,0
285,7,1
285,6,1
285,9,1
286,1,1
286,49,1
286,3,0
286,22,1
286,13,1
286,5,1
286,6,1
286,8,0
286,9,1
286,7,1
287,32,1
287,38,1
287,6,1
287,13,1
287,40,1
287,5,1
287,60,1
287,7,1
287,8,0
287,9,1
288,19,0
288,3,0
288,22,0
288,13,0
288,1,0
288,40,1
288,25,0
288,7,1
288,6,1
288,9,0
289,18,1
289,10,0
289,1,0
289,11,1
289,3,0
289,13,1
289,15,1
289,7,1
289,6,1
289,9,1
290,24,0
290,1,0
290,13,0
290,23,0
290,5,0
290,59,0
290,20,0
290,6,1
290,7,1
290,9,1
291,19,1
291,3,0
291,22,1
291,13,1
291,1,1
291,40,1
291,25,1
291,7,1
291,6,1
291,9,1
292,1,1
292,13,1
292,32,1
292,25,1
292,46,1
292,7,1
292,6,1
292,47,1
292,48,1
292,9,1
293,30,1
293,53,1
293,57,0
293,13,1
293,6,1
293,5,1
293,40,1
293,1,1
293,7,1
293,9,1
294,16,1
294,23,1
294,13,0
294,5,1
294,25,1
294,70,1
294,20,1
294,6,1
294,9,1
294,7,1
295,1,1
295,19,1
295,3,0
295,58,1
295,5,1
295,53,1
295,6,1
295,8,0
295,9,1
295,7,1
296,10,0
296,11,0
296,12,0
296,3,0
296,13,0
296,1,0
296,7,1
296,6,1
296,9,1
296,14,0
297,21,0
297,3,0
297,22,0
297,10,0
297,13,0
297,23,0
297,17,0
297,7,1
297,6,1
297,9,0
298,21,0
298,3,0
298,22,0
298,10,0
298,13,0
298,23,0
298,17,0
298,7,1
298,6,1
298,9,1
299,18,1
299,11,1
299,3,0
299,56,1
299,13,1
299,1,1
299,5,1
299,7,1
299,6,1
299,8,0
300,11,0
300,49,0
300,3,0
300,1,0
300,13,0
300,5,0
300,7,1
300,6,1
300,9,1
300,8,0
301,19,1
301,3,0
301,22,1
301,13,1
301,1,1
301,40,1
301,25,1
301,7,1
301,6,1
301,9,1
302,1,0
302,19,0
302,3,0
302,43,0
302,13,0
302,5,0
302,7,0
302,6,1
302,28,0
302,9,0
303,3,0
303,54,1
303,55,1
303,23,1
303,13,1
303,1,1
303,46,1
303,7,1
303,6,1
303,9,1
304,32,0
304,38,0
304,6,1
304,13,0
304,40,0
304,5,0
304,60,0
304,7,1
304,8,0
304,9,1
305,32,0
305,38,0
305,6,1
305,13,0
305,40,0
305,5,0
305,60,0
305,7,1
305,8,0
305,9,1
306,32,1
306,38,1
306,6,1
306,13,1
306,40,0
306,5,1
306,60,1
306,7,1
306,8,0
306,9,1
307,1,0
307,19,0
307,3,0
307,13,0
307,69,0
307,5,0
307,6,1
307,14,0
307,9,1
307,28,0
308,10,0
308,11,0
308,12,0
308,3,0
308,13,0
308,1,0
308,7,1
308,6,0
308,9,1
308,14,0
309,24,0
309,1,0
309,13,0
309,23,0
309,5,0
309,59,0
309,20,0
309,6,1
309,7,1
309,9,1
310,21,1
310,3,0
310,22,1
310,10,1
310,13,1
310,23,1
310,17,1
310,7,1
310,6,1
310,9,1
311,1,1
311,49,1
311,3,0
311,22,1
311,13,1
311,5,1
311,6,0
311,8,0
311,9,1
311,7,1
312,38,1
312,13,1
312,62,1
312,63,1
312,5,1
312,6,1
312,64,1
312,28,0
312,7,1
312,9,1
313,30,0
313,1,1
313,3,0
313,13,1
313,23,1
313,5,0
313,31,1
313,6,1
313,9,1
313,7,1
314,11,0
314,49,0
314,3,0
314,1,0
314,13,0
314,5,0
314,7,1
314,6,1
314,9,0
314,8,0
315,11,0
315,49,0
315,3,0
315,1,0
315,13,1
315,5,0
315,7,1
315,6,1
315,9,0
315,8,0
316,11,0
316,49,0
316,3,0
316,1,0
316,13,0
316,5,0
316,7,1
316,6,1
316,9,0
316,8,0
317,1,1
317,11,1
317,3,0
317,36,0
317,22,1
317,13,1
317,23,1
317,7,1
317,6,1
317,9,1
318,18,1
318,10,0
318,11,0
318,1,0
318,19,0
318,3,0
318,13,0
318,6,1
318,7,1
318,9,1
319,18,0
319,10,0
319,11,0
319,1,0
319,19,0
319,3,0
319,13,0
319,6,1
319,7,1
319,9,1
320,18,1
320,10,1
320,11,1
320,1,1
320,19,1
320,3,0
320,13,1
320,6,1
320,7,1
320,9,1
321,18,0
321,10,0
321,11,0
321,1,0
321,19,0
321,3,0
321,13,0
321,6,1
321,7,1
321,9,0
322,18,1
322,10,1
322,11,1
322,1,1
322,19,1
322,3,0
322,13,1
322,6,1
322,7,1
322,9,0
323,18,0
323,10,0
323,11,0
323,1,0
323,19,0
323,3,0
323,13,0
323,6,1
323,7,1
323,9,1
324,18,1
324,10,1
324,11,1
324,1,1
324,19,1
324,3,0
324,13,1
324,6,1
324,7,1
324,9,1
325,18,1
325,10,1
325,11,1
325,1,1
325,19,1
325,3,0
325,13,0
325,6,1
325,7,1
325,9,1
326,11,0
326,3,0
326,32,1
326,16,1
326,13,1
326,1,0
326,6,1
326,8,0
326,9,1
326,7,0
327,11,0
327,3,0
327,32,0
327,16,0
327,13,0
327,1,0
327,6,1
327,8,0
327,9,1
327,7,1
328,11,0
328,3,0
328,32,0
328,16,0
328,13,0
328,1,0
328,6,1
328,8,0
328,9,1
328,7,1
329,11,1
329,3,0
329,32,1
329,16,1
329,13,1
329,1,1
329,6,1
329,8,0
329,9,1
329,7,1
330,3,0
330,15,1
330,42,1
330,16,1
330,13,1
330,40,1
330,7,1
330,6,1
330,14,1
330,9,1
331,3,0
331,15,0
331,42,0
331,16,0
331,13,0
331,40,0
331,7,1
331,6,1
331,14,0
331,9,1
332,3,0
332,15,0
332,42,0
332,16,0
332,13,0
332,40,0
332,7,1
332,6,1
332,14,0
332,9,1
333,3,0
333,15,1
333,42,1
333,16,1
333,13,1
333,40,1
333,7,1
333,6,0
333,14,1
333,9,1
334,3,0
334,15,0
334,42,0
334,16,0
334,13,1
334,40,0
334,7,1
334,6,1
334,14,0
334,9,0
335,0,0
335,1,0
335,2,0
335,3,0
335,4,0
335,5,0
335,6,1
335,7,1
335,8,0
335,9,1
336,0,0
336,1,0
336,2,0
336,3,0
336,4,0
336,5,0
336,6,1
336,7,1
336,8,0
336,9,1
337,0,0
337,1,0
337,2,0
337,3,0
337,4,0
337,5,0
337,6,1
337,7,1
337,8,0
337,9,1
338,0,1
338,1,1
338,2,1
338,3,0
338,4,1
338,5,1
338,6,1
338,7,1
338,8,0
338,9,1
339,24,0
339,11,1
339,12,1
339,1,1
339,3,0
339,13,1
339,6,1
339,9,1
339,8,0
339,7,1
340,24,0
340,11,0
340,12,0
340,1,0
340,3,0
340,13,0
340,6,1
340,9,1
340,8,0
340,7,1
341,16,1
341,23,1
341,13,1
341,5,1
341,25,1
341,70,1
341,20,1
341,6,1
341,9,1
341,7,0
342,16,1
342,23,1
342,13,1
342,5,1
342,25,1
342,70,0
342,20,1
342,6,1
342,9,1
342,7,1
343,24,0
343,1,0
343,13,0
343,23,0
343,5,0
343,59,0
343,20,0
343,6,1
343,7,1
343,9,0
344,24,0
344,1,0
344,13,0
344,23,0
344,5,0
344,59,0
344,20,0
344,6,1
344,7,1
344,9,1
345,18,1
345,1,1
345,19,1
345,3,0
345,16,1
345,15,1
345,7,1
345,20,1
345,6,1
345,9,1
346,18,0
346,1,0
346,19,0
346,3,0
346,16,0
346,15,0
346,7,1
346,20,0
346,6,1
346,9,1
347,3,0
347,22,1
347,23,1
347,13,1
347,1,1
347,53,1
347,6,0
347,9,0
347,28,1
347,7,0
348,3,0
348,22,1
348,23,1
348,13,1
348,1,1
348,53,1
348,6,1
348,9,0
348,28,1
348,7,1
349,1,0
349,49,0
349,3,0
349,22,0
349,13,0
349,5,0
349,6,1
349,8,0
349,9,1
349,7,1
350,11,0
350,49,0
350,7,1
350,3,0
350,1,0
350,31,0
350,13,0
350,50,0
350,6,0
350,9,1
351,1,0
351,33,0
351,19,0
351,3,0
351,13,1
351,34,0
351,7,1
351,6,1
351,9,1
351,11,0
352,1,1
352,33,0
352,19,1
352,3,0
352,13,1
352,34,0
352,7,1
352,6,1
352,9,1
352,11,1
353,1,0
353,33,0
353,19,0
353,3,0
353,13,0
353,34,0
353,7,1
353,6,1
353,9,0
353,11,0
354,1,0
354,33,0
354,19,0
354,3,0
354,13,0
354,34,0
354,7,1
354,6,1
354,9,0
354,11,0
355,1,0
355,33,0
355,19,0
355,3,0
355,13,0
355,34,0
355,7,1
355,6,1
355,9,1
355,11,0
356,1,0
356,33,0
356,19,0
356,3,0
356,13,0
356,34,0
356,7,1
356,6,1
356,9,1
356,11,0
357,1,1
357,33,0
357,19,1
357,3,0
357,13,1
357,34,0
357,7,1
357,6,1
357,9,1
357,11,1
358,1,0
358,33,0
358,19,1
358,3,0
358,13,0
358,34,0
358,7,1
358,6,0
358,9,1
358,11,0
359,30,0
359,53,1
359,57,0
359,13,1
359,6,1
359,5,1
359,40,1
359,1,1
359,7,0
359,9,1
360,12,0
360,21,1
360,11,0
360,1,1
360,3,0
360,29,0
360,13,0
360,6,1
360,7,1
360,9,1
361,12,1
361,21,1
361,11,1
361,1,1
361,3,0
361,29,1
361,13,1
361,6,1
361,7,1
361,9,1
362,3,0
362,43,0
362,32,0
362,13,0
362,1,0
362,5,0
362,75,0
362,6,1
362,9,1
362,7,1
363,3,0
363,43,0
363,32,0
363,13,0
363,1,0
363,5,0
363,75,0
363,6,1
363,9,1
363,7,1
364,3,0
364,43,1
364,32,1
364,13,1
364,1,1
364,5,1
364,75,1
364,6,1
364,9,1
364,7,1
365,3,0
365,43,0
365,32,0
365,13,0
365,1,0
365,5,0
365,75,0
365,6,0
365,9,1
365,7,1
366,3,0
366,43,0
366,32,0
366,13,0
366,1,0
366,5,0
366,75,0
366,6,1
366,9,1
366,7,1
367,3,0
367,43,0
367,32,0
367,13,0
367,1,1
367,5,0
367,75,1
367,6,1
367,9,1
367,7,1
368,3,0
368,43,0
368,32,0
368,13,0
368,1,0
368,5,0
368,75,0
368,6,1
368,9,1
368,7,1
369,3,0
369,43,0
369,32,0
369,13,0
369,1,0
369,5,0
369,75,0
369,6,1
369,9,1
369,7,1
370,38,1
370,13,1
370,62,1
370,63,1
370,5,1
370,6,1
370,64,1
370,28,1
370,7,1
370,9,1
371,38,1
371,13,1
371,62,1
371,63,1
371,5,1
371,6,1
371,64,0
371,28,1
371,7,1
371,9,1
372,38,0
372,13,1
372,62,0
372,63,1
372,5,1
372,6,1
372,64,0
372,28,0
372,7,1
372,9,1
373,38,0
373,13,0
373,62,0
373,63,0
373,5,0
373,6,1
373,64,1
373,28,0
373,7,1
373,9,1
374,38,0
374,13,0
374,62,0
374,63,0
374,5,0
374,6,1
374,64,0
374,28,0
374,7,1
374,9,1
375,30,1
375,1,1
375,3,0
375,13,1
375,23,1
375,5,1
375,31,1
375,6,1
375,9,0
375,7,1
376,30,1
376,1,1
376,3,0
376,13,1
376,23,1
376,5,1
376,31,1
376,6,1
376,9,1
376,7,1
377,30,1
377,1,1
377,3,0
377,13,0
377,23,1
377,5,1
377,31,1
377,6,1
377,9,1
377,7,1
378,18,0
378,24,0
378,11,0
378,19,0
378,1,0
378,3,0
378,10,0
378,13,0
378,6,1
378,7,1
379,18,1
379,24,0
379,11,1
379,19,1
379,1,1
379,3,0
379,10,1
379,13,1
379,6,1
379,7,1
380,37,0
380,3,0
380,22,1
380,38,0
380,39,0
380,7,1
380,6,1
380,8,0
380,9,1
380,14,0
381,37,1
381,3,0
381,22,1
381,38,0
381,39,0
381,7,1
381,6,1
381,8,0
381,9,1
381,14,1
382,18,1
382,11,0
382,3,0
382,56,1
382,13,1
382,1,1
382,5,1
382,7,1
382,6,1
382,8,0
383,18,0
383,10,0
383,1,0
383,11,0
383,3,0
383,13,1
383,15,0
383,7,1
383,6,1
383,9,1
384,18,1
384,10,1
384,1,1
384,11,1
384,3,0
384,13,1
384,15,1
384,7,1
384,6,1
384,9,1
385,18,1
385,10,1
385,1,1
385,11,1
385,3,0
385,13,1
385,15,1
385,7,1
385,6,1
385,9,1
386,18,0
386,10,0
386,1,0
386,11,0
386,3,0
386,13,0
386,15,0
386,7,1
386,6,1
386,9,1
387,3,0
387,43,0
387,32,1
387,13,0
387,1,1
387,5,0
387,75,1
387,6,1
387,9,1
387,7,1
388,3,0
388,43,0
388,32,0
388,13,0
388,1,0
388,5,0
388,75,0
388,6,1
388,9,0
388,7,1
389,3,0
389,54,0
389,55,0
389,23,0
389,13,0
389,1,0
389,46,0
389,7,1
389,6,1
389,9,1
390,3,0
390,54,1
390,55,1
390,23,1
390,13,1
390,1,1
390,46,1
390,7,1
390,6,1
390,9,1
391,12,1
391,21,1
391,11,1
391,1,1
391,3,0
391,29,1
391,13,1
391,6,1
391,7,1
391,9,1
392,30,1
392,53,0
392,57,0
392,13,0
392,6,1
392,5,0
392,40,0
392,1,0
392,7,1
392,9,0
393,1,1
393,51,0
393,3,0
393,22,1
393,52,1
393,13,0
393,15,0
393,7,1
393,6,1
393,9,1
394,1,1
394,51,1
394,3,0
394,22,1
394,52,1
394,13,1
394,15,1
394,7,1
394,6,1
394,9,1
395,1,0
395,51,0
395,3,0
395,22,0
395,52,0
395,13,0
395,15,0
395,7,1
395,6,1
395,9,1
396,1,0
396,51,0
396,3,0
396,22,0
396,52,0
396,13,0
396,15,0
396,7,1
396,6,1
396,9,1
397,1,0
397,51,0
397,3,0
397,22,0
397,52,0
397,13,0
397,15,0
397,7,1
397,6,1
397,9,1
398,1,1
398,51,1
398,3,0
398,22,1
398,52,1
398,13,1
398,15,1
398,7,1
398,6,0
398,9,1
399,3,0
399,15,0
399,42,0
399,16,1
399,13,0
399,40,0
399,7,1
399,6,1
399,14,1
399,9,0
400,3,0
400,15,0
400,42,0
400,16,0
400,13,0
400,40,0
400,7,1
400,6,1
400,14,1
400,9,0
401,1,0
401,33,0
401,19,0
401,3,0
401,13,0
401,34,0
401,7,1
401,6,1
401,9,1
401,11,0
402,11,0
402,3,0
402,22,1
402,13,0
402,1,1
402,6,1
402,7,1
402,8,0
402,9,1
402,28,1
403,27,1
403,28,1
403,9,1
403,3,0
403,41,1
403,44,1
403,13,1
403,45,1
403,6,1
403,7,1
404,27,1
404,28,0
404,9,1
404,3,0
404,41,0
404,44,0
404,13,1
404,45,1
404,6,0
404,7,1
405,27,1
405,28,1
405,9,1
405,3,0
405,41,1
405,44,1
405,13,1
405,45,1
405,6,1
405,7,1
406,27,0
406,28,1
406,9,1
406,3,0
406,41,1
406,44,1
406,13,1
406,45,1
406,6,0
406,7,1
407,27,0
407,28,0
407,9,1
407,3,0
407,41,0
407,44,0
407,13,0
407,45,0
407,6,1
407,7,1
408,11,0
408,49,0
408,7,1
408,3,0
408,1,0
408,31,0
408,13,0
408,50,0
408,6,1
408,9,1
409,24,0
409,11,1
409,12,1
409,1,1
409,3,0
409,13,1
409,6,1
409,9,1
409,8,0
409,7,1
410,24,0
410,11,0
410,12,0
410,1,0
410,3,0
410,13,0
410,6,1
410,9,1
410,8,0
410,7,1
411,24,0
411,11,1
411,12,1
411,1,1
411,3,0
411,13,1
411,6,1
411,9,0
411,8,0
411,7,1
412,24,0
412,11,1
412,12,1
412,1,1
412,3,0
412,13,1
412,6,1
412,9,1
412,8,0
412,7,1
413,1,1
413,49,1
413,3,0
413,22,1
413,13,0
413,5,1
413,6,1
413,8,0
413,9,0
413,7,1
414,1,1
414,49,0
414,3,0
414,22,1
414,13,1
414,5,1
414,6,0
414,8,0
414,9,1
414,7,1
415,1,1
415,49,1
415,3,0
415,22,0
415,13,1
415,5,1
415,6,1
415,8,0
415,9,1
415,7,1
416,1,0
416,49,0
416,3,0
416,22,0
416,13,0
416,5,0
416,6,1
416,8,0
416,9,1
416,7,1
417,1,0
417,49,0
417,3,0
417,22,0
417,13,0
417,5,0
417,6,1
417,8,0
417,9,1
417,7,1
418,1,1
418,49,1
418,3,0
418,22,1
418,13,1
418,5,1
418,6,1
418,8,0
418,9,1
418,7,1
419,1,0
419,49,0
419,3,0
419,22,0
419,13,0
419,5,0
419,6,1
419,8,0
419,9,1
419,7,1
420,16,1
420,23,1
420,13,1
420,5,1
420,25,1
420,70,1
420,20,1
420,6,1
420,9,1
420,7,1
421,16,1
421,23,1
421,13,1
421,5,1
421,25,1
421,70,1
421,20,1
421,6,1
421,9,0
421,7,0
422,16,1
422,23,1
422,13,1
422,5,1
422,25,1
422,70,1
422,20,1
422,6,1
422,9,1
422,7,1
423,61,1
423,5,1
423,1,1
423,25,1
423,46,1
423,6,1
423,8,0
423,7,1
423,9,1
423,28,1
424,61,0
424,5,0
424,1,0
424,25,0
424,46,0
424,6,1
424,8,0
424,7,1
424,9,1
424,28,0
425,61,0
425,5,0
425,1,0
425,25,0
425,46,0
425,6,1
425,8,0
425,7,1
425,9,0
425,28,0
426,61,0
426,5,0
426,1,0
426,25,0
426,46,0
426,6,1
426,8,0
426,7,1
426,9,1
426,28,0
427,61,0
427,5,0
427,1,0
427,25,0
427,46,0
427,6,1
427,8,0
427,7,1
427,9,1
427,28,0
428,61,0
428,5,0
428,1,0
428,25,0
428,46,0
428,6,1
428,8,0
428,7,1
428,9,1
428,28,0
429,1,0
429,19,0
429,3,0
429,58,0
429,5,0
429,53,0
429,6,1
429,8,0
429,9,0
429,7,1
430,22,0
430,30,0
430,21,0
430,44,0
430,13,0
430,61,0
430,5,0
430,7,1
430,6,1
430,9,0
431,22,0
431,30,0
431,21,0
431,44,0
431,13,0
431,61,0
431,5,0
431,7,1
431,6,1
431,9,0
432,22,0
432,30,0
432,21,0
432,44,0
432,13,0
432,61,0
432,5,0
432,7,1
432,6,1
432,9,1
433,22,0
433,30,0
433,21,0
433,44,0
433,13,0
433,61,0
433,5,0
433,7,1
433,6,1
433,9,1
434,22,1
434,30,1
434,21,1
434,44,1
434,13,1
434,61,0
434,5,1
434,7,1
434,6,1
434,9,0
435,22,1
435,30,0
435,21,1
435,44,1
435,13,1
435,61,1
435,5,1
435,7,1
435,6,1
435,9,1
436,22,1
436,30,1
436,21,1
436,44,1
436,13,1
436,61,1
436,5,1
436,7,1
436,6,1
436,9,1
437,22,0
437,30,0
437,21,0
437,44,0
437,13,0
437,61,0
437,5,0
437,7,1
437,6,1
437,9,0
438,22,0
438,30,0
438,21,0
438,44,0
438,13,0
438,61,0
438,5,0
438,7,1
438,6,1
438,9,0
439,22,0
439,30,0
439,21,0
439,44,0
439,13,0
439,61,0
439,5,0
439,7,1
439,6,1
439,9,0
440,10,0
440,11,0
440,12,0
440,3,0
440,13,0
440,1,0
440,7,1
440,6,1
440,9,0
440,14,0
441,24,0
441,1,0
441,13,0
441,23,0
441,5,0
441,59,0
441,20,0
441,6,1
441,7,1
441,9,1
442,24,0
442,1,0
442,13,0
442,23,0
442,5,0
442,59,0
442,20,0
442,6,1
442,7,1
442,9,1
443,24,1
443,1,1
443,13,1
443,23,1
443,5,1
443,59,1
443,20,1
443,6,1
443,7,1
443,9,1
444,24,1
444,1,1
444,13,1
444,23,1
444,5,1
444,59,1
444,20,1
444,6,1
444,7,1
444,9,1
445,11,0
445,3,0
445,15,0
445,1,0
445,13,0
445,16,1
445,17,0
445,7,1
445,6,1
445,9,1
446,11,1
446,3,0
446,15,0
446,1,0
446,13,1
446,16,1
446,17,0
446,7,1
446,6,1
446,9,1
447,11,0
447,3,0
447,15,1
447,1,1
447,13,0
447,16,1
447,17,1
447,7,1
447,6,1
447,9,1
448,11,1
448,3,0
448,15,1
448,1,1
448,13,1
448,16,1
448,17,1
448,7,1
448,6,1
448,9,1
449,11,1
449,3,0
449,15,1
449,1,1
449,13,1
449,16,0
449,17,1
449,7,1
449,6,1
449,9,1
450,11,0
450,3,0
450,15,0
450,1,0
450,13,0
450,16,0
450,17,0
450,7,1
450,6,1
450,9,1
451,11,1
451,3,0
451,15,1
451,1,1
451,13,1
451,16,1
451,17,1
451,7,1
451,6,1
451,9,1
452,11,1
452,3,0
452,15,1
452,1,1
452,13,1
452,16,1
452,17,1
452,7,1
452,6,1
452,9,1
453,18,0
453,1,0
453,19,0
453,3,0
453,16,0
453,15,0
453,7,1
453,20,0
453,6,1
453,9,0
454,18,1
454,1,1
454,19,1
454,3,0
454,16,1
454,15,1
454,7,1
454,20,1
454,6,1
454,9,0
455,1,0
455,19,0
455,3,0
455,13,1
455,69,0
455,5,0
455,6,1
455,14,1
455,9,1
455,28,1
456,1,0
456,19,0
456,3,0
456,13,0
456,69,0
456,5,0
456,6,1
456,14,0
456,9,1
456,28,0
457,1,1
457,19,1
457,3,0
457,13,1
457,69,0
457,5,1
457,6,1
457,14,0
457,9,1
457,28,1
458,1,0
458,19,0
458,3,0
458,13,0
458,69,1
458,5,0
458,6,1
458,14,0
458,9,1
458,28,0
459,3,0
459,22,1
459,23,1
459,13,1
459,1,1
459,53,1
459,6,1
459,9,1
459,28,1
459,7,1
460,21,0
460,3,0
460,22,0
460,10,0
460,13,1
460,23,0
460,17,0
460,7,1
460,6,0
460,9,1
461,8,0
461,40,0
461,42,0
461,13,0
461,17,0
461,5,0
461,46,0
461,7,1
461,6,1
461,9,1
